{"Q1": [1.474, 10.034, 4.469], "Q3-1": 0.155, "Q3-2": 0, "Q4-1": 0.252, "Q4-2": 0.002285466650798124, "Q5-1": 0.0022502217907458544, "Q5-2": 0.0056433771969750515, "Q5-3-1": 0.74, "Q5-3-2": 0.744, "Q5-3-3": 0.731, "Q5-3-4": 0.737}